{"payload":{"installed_packages":["absl-py==1.4.0","appnope==0.1.3","asttokens==2.2.1","attrs==22.2.0","augmentor==0.2.10","av==10.0.0","backcall==0.2.0","brotlipy==0.7.0","cachetools==5.3.0","certifi==2022.12.7","cffi==1.15.1","charset-normalizer==3.0.1","click==8.1.3","cloudpickle==2.2.1","comet-ml==3.32.1","configobj==5.0.8","contourpy==1.0.7","cryptography==40.0.2","cycler==0.11.0","cytoolz==0.12.0","dask==2023.4.0","decorator==5.1.1","dulwich==0.21.2","everett==3.1.0","executing==1.2.0","fonttools==4.38.0","fsspec==2023.4.0","future==0.18.3","fvcore==0.1.5.post20221221","gitdb==4.0.10","gitpython==3.1.30","google-auth-oauthlib==0.4.6","google-auth==2.16.0","grpcio==1.51.1","idna==3.4","imagecodecs==2023.1.23","imagehash==4.3.1","imageio==2.27.0","importlib-metadata==6.0.0","importlib-resources==5.10.2","iopath==0.1.10","ipython==8.9.0","jedi==0.18.2","joblib==1.2.0","jsonschema==4.17.3","kiwisolver==1.4.4","locket==1.0.0","markdown==3.4.1","markupsafe==2.1.2","matplotlib-inline==0.1.6","matplotlib==3.6.3","networkx==3.1","numpy==1.24.1","oauthlib==3.2.2","opencv-python==4.7.0","packaging==23.1","pandas==1.5.3","parso==0.8.3","partd==1.4.0","pexpect==4.8.0","pickleshare==0.7.5","pillow==9.5.0","pip==23.1","pkgutil-resolve-name==1.3.10","platformdirs==3.2.0","pooch==1.7.0","portalocker==2.7.0","prompt-toolkit==3.0.36","protobuf==3.20.3","psutil==5.9.4","ptyprocess==0.7.0","pure-eval==0.2.2","pyasn1-modules==0.2.8","pyasn1==0.4.8","pycparser==2.21","pygments==2.14.0","pyopenssl==23.1.1","pyparsing==3.0.9","pyrsistent==0.19.3","pysocks==1.7.1","python-box==6.1.0","python-dateutil==2.8.2","pytz==2022.7.1","pywavelets==1.4.1","pyyaml==6.0","requests-oauthlib==1.3.1","requests-toolbelt==0.10.1","requests==2.28.2","rsa==4.9","scikit-image==0.19.3","scikit-learn==1.2.2","scipy==1.10.0","seaborn==0.12.2","semantic-version==2.10.0","sentry-sdk==1.15.0","setuptools==67.6.1","simplejson==3.18.3","six==1.16.0","smmap==5.0.0","stack-data==0.6.2","tabulate==0.9.0","tensorboard-data-server==0.6.1","tensorboard-plugin-wit==1.8.1","tensorboard==2.11.2","termcolor==2.2.0","thop==0.1.1.post2209072238","threadpoolctl==3.1.0","tifffile==2023.4.12","toolz==0.12.0","torch==1.13.1","torchvision==0.14.1","tqdm==4.64.1","traitlets==5.9.0","typing-extensions==4.5.0","urllib3==1.26.15","wcwidth==0.2.6","websocket-client==1.3.3","werkzeug==2.2.2","wheel==0.40.0","wrapt==1.14.1","wurlitzer==3.0.3","yacs==0.1.8","zipp==3.12.0"],"local_timestamp":1685049124167},"type":"ws_msg"}
{"payload":{"env_details":{"command":["yolov5/train.py","--data","local-detection-dataset/data.yaml","--weights","yolov5s.pt","--cfg","yolov5/models/yolov5s.yaml","--save-period=200","--img","640","--epochs","1"],"env":null,"hostname":"zhangkejiadeMacBook-Pro.local","ip":"172.16.3.22","machine":"arm64","os":"macOS-13.3.1-arm64-arm-64bit","os_release":"22.4.0","os_type":"Darwin","pid":29323,"processor":"arm","python_exe":"/Users/zhangkejia/miniforge3/envs/yoloV5/bin/python","python_version":"3.8.15","python_version_verbose":"3.8.15 | packaged by conda-forge | (default, Jan 26 2023, 10:51:07) \n[Clang 14.0.6 ]","user":"zhangkejia"},"local_timestamp":1685049124231},"type":"ws_msg"}
{"payload":{"local_timestamp":1685049124232,"metric":{"epoch":null,"metricName":"sys.cpu.percent.avg","metricValue":15.210000000000003,"step":null}},"type":"metric_msg"}
{"payload":{"local_timestamp":1685049124232,"metric":{"epoch":null,"metricName":"sys.cpu.percent.01","metricValue":35.2,"step":null}},"type":"metric_msg"}
{"payload":{"local_timestamp":1685049124232,"metric":{"epoch":null,"metricName":"sys.cpu.percent.02","metricValue":34.9,"step":null}},"type":"metric_msg"}
{"payload":{"local_timestamp":1685049124232,"metric":{"epoch":null,"metricName":"sys.cpu.percent.03","metricValue":21.8,"step":null}},"type":"metric_msg"}
{"payload":{"local_timestamp":1685049124232,"metric":{"epoch":null,"metricName":"sys.cpu.percent.04","metricValue":51.1,"step":null}},"type":"metric_msg"}
{"payload":{"local_timestamp":1685049124232,"metric":{"epoch":null,"metricName":"sys.cpu.percent.05","metricValue":7.4,"step":null}},"type":"metric_msg"}
{"payload":{"local_timestamp":1685049124232,"metric":{"epoch":null,"metricName":"sys.cpu.percent.06","metricValue":1.3,"step":null}},"type":"metric_msg"}
{"payload":{"local_timestamp":1685049124232,"metric":{"epoch":null,"metricName":"sys.cpu.percent.07","metricValue":0.4,"step":null}},"type":"metric_msg"}
{"payload":{"local_timestamp":1685049124232,"metric":{"epoch":null,"metricName":"sys.cpu.percent.08","metricValue":0.0,"step":null}},"type":"metric_msg"}
{"payload":{"local_timestamp":1685049124232,"metric":{"epoch":null,"metricName":"sys.cpu.percent.09","metricValue":0.0,"step":null}},"type":"metric_msg"}
{"payload":{"local_timestamp":1685049124232,"metric":{"epoch":null,"metricName":"sys.cpu.percent.10","metricValue":0.0,"step":null}},"type":"metric_msg"}
{"payload":{"local_timestamp":1685049124233,"metric":{"epoch":null,"metricName":"sys.load.avg","metricValue":4.52978515625,"step":null}},"type":"metric_msg"}
{"payload":{"local_timestamp":1685049124233,"metric":{"epoch":null,"metricName":"sys.ram.total","metricValue":34359738368,"step":null}},"type":"metric_msg"}
{"payload":{"local_timestamp":1685049124233,"metric":{"epoch":null,"metricName":"sys.ram.used","metricValue":16946495488,"step":null}},"type":"metric_msg"}
{"payload":{"local_timestamp":1685049124233,"param":{"paramName":"save-period","paramValue":200,"source":"cli","step":null}},"type":"parameter_msg"}
{"payload":{"local_timestamp":1685049124233,"param":{"paramName":"data","paramValue":"local-detection-dataset/data.yaml","source":"cli","step":null}},"type":"parameter_msg"}
{"payload":{"local_timestamp":1685049124233,"param":{"paramName":"weights","paramValue":"yolov5s.pt","source":"cli","step":null}},"type":"parameter_msg"}
{"payload":{"local_timestamp":1685049124233,"param":{"paramName":"cfg","paramValue":"yolov5/models/yolov5s.yaml","source":"cli","step":null}},"type":"parameter_msg"}
{"payload":{"local_timestamp":1685049124233,"param":{"paramName":"img","paramValue":640,"source":"cli","step":null}},"type":"parameter_msg"}
{"payload":{"local_timestamp":1685049124233,"param":{"paramName":"epochs","paramValue":1,"source":"cli","step":null}},"type":"parameter_msg"}
{"payload":{"local_timestamp":1685049124234,"log_other":{"key":"offline_experiment","val":true}},"type":"ws_msg"}
{"payload":{"additional_params":{"assetId":"9e7c7824842747ea943ea67e1b6faab6","context":null,"extension":"yaml","fileName":"data.yaml","overwrite":false,"runId":null,"step":null},"clean":true,"file_path":"tmpmyos5wbi","local_timestamp":1685049124238,"metadata":{"type":"data-config-file"},"upload_type":"asset"},"type":"file_upload"}
{"payload":{"local_timestamp":1685049124241,"stderr":true,"stdout":"\nDataset not found \u26a0\ufe0f, missing paths ['/Users/zhangkejia/WorkSpace/PenguinDetector/video-dataset/coco128/images/test']\n"},"type":"ws_msg"}
{"payload":{"local_timestamp":1685049124242,"stderr":true,"stdout":"Traceback (most recent call last):\n"},"type":"ws_msg"}
{"payload":{"local_timestamp":1685049124242,"stderr":true,"stdout":"  File \"yolov5/train.py\", line 634, in <module>\n"},"type":"ws_msg"}
{"payload":{"local_timestamp":1685049124242,"stderr":true,"stdout":"    "},"type":"ws_msg"}
{"payload":{"local_timestamp":1685049124242,"stderr":true,"stdout":"main(opt)"},"type":"ws_msg"}
{"payload":{"local_timestamp":1685049124242,"stderr":true,"stdout":"\n"},"type":"ws_msg"}
{"payload":{"local_timestamp":1685049124242,"stderr":true,"stdout":"  File \"yolov5/train.py\", line 528, in main\n"},"type":"ws_msg"}
{"payload":{"local_timestamp":1685049124243,"stderr":true,"stdout":"    "},"type":"ws_msg"}
{"payload":{"local_timestamp":1685049124243,"stderr":true,"stdout":"train(opt.hyp, opt, device, callbacks)"},"type":"ws_msg"}
{"payload":{"local_timestamp":1685049124243,"stderr":true,"stdout":"\n"},"type":"ws_msg"}
{"payload":{"local_timestamp":1685049124243,"stderr":true,"stdout":"  File \"yolov5/train.py\", line 95, in train\n"},"type":"ws_msg"}
{"payload":{"local_timestamp":1685049124243,"stderr":true,"stdout":"    "},"type":"ws_msg"}
{"payload":{"local_timestamp":1685049124243,"stderr":true,"stdout":"loggers = Loggers(save_dir, weights, opt, hyp, LOGGER)  # loggers instance"},"type":"ws_msg"}
{"payload":{"local_timestamp":1685049124243,"stderr":true,"stdout":"\n"},"type":"ws_msg"}
{"payload":{"local_timestamp":1685049124243,"stderr":true,"stdout":"  File \"/Users/zhangkejia/WorkSpace/PenguinDetector/yolov5/utils/loggers/__init__.py\", line 139, in __init__\n"},"type":"ws_msg"}
{"payload":{"local_timestamp":1685049124243,"stderr":true,"stdout":"    "},"type":"ws_msg"}
{"payload":{"local_timestamp":1685049124243,"stderr":true,"stdout":"self.comet_logger = CometLogger(self.opt, self.hyp)"},"type":"ws_msg"}
{"payload":{"local_timestamp":1685049124243,"stderr":true,"stdout":"\n"},"type":"ws_msg"}
{"payload":{"local_timestamp":1685049124243,"stderr":true,"stdout":"  File \"/Users/zhangkejia/WorkSpace/PenguinDetector/yolov5/utils/loggers/comet/__init__.py\", line 97, in __init__\n"},"type":"ws_msg"}
{"payload":{"local_timestamp":1685049124243,"stderr":true,"stdout":"    "},"type":"ws_msg"}
{"payload":{"local_timestamp":1685049124243,"stderr":true,"stdout":"self.data_dict = self.check_dataset(self.opt.data)"},"type":"ws_msg"}
{"payload":{"local_timestamp":1685049124243,"stderr":true,"stdout":"\n"},"type":"ws_msg"}
{"payload":{"local_timestamp":1685049124243,"stderr":true,"stdout":"  File \"/Users/zhangkejia/WorkSpace/PenguinDetector/yolov5/utils/loggers/comet/__init__.py\", line 242, in check_dataset\n"},"type":"ws_msg"}
{"payload":{"local_timestamp":1685049124243,"stderr":true,"stdout":"    "},"type":"ws_msg"}
{"payload":{"local_timestamp":1685049124243,"stderr":true,"stdout":"return check_dataset(data_file)"},"type":"ws_msg"}
{"payload":{"local_timestamp":1685049124243,"stderr":true,"stdout":"\n"},"type":"ws_msg"}
{"payload":{"local_timestamp":1685049124243,"stderr":true,"stdout":"  File \"/Users/zhangkejia/WorkSpace/PenguinDetector/yolov5/utils/general.py\", line 542, in check_dataset\n"},"type":"ws_msg"}
{"payload":{"local_timestamp":1685049124244,"stderr":true,"stdout":"    "},"type":"ws_msg"}
{"payload":{"local_timestamp":1685049124244,"stderr":true,"stdout":"raise Exception('Dataset not found \u274c')"},"type":"ws_msg"}
{"payload":{"local_timestamp":1685049124244,"stderr":true,"stdout":"\n"},"type":"ws_msg"}
{"payload":{"local_timestamp":1685049124244,"stderr":true,"stdout":"Exception"},"type":"ws_msg"}
{"payload":{"local_timestamp":1685049124244,"stderr":true,"stdout":": "},"type":"ws_msg"}
{"payload":{"local_timestamp":1685049124244,"stderr":true,"stdout":"Dataset not found \u274c"},"type":"ws_msg"}
{"payload":{"local_timestamp":1685049124244,"stderr":true,"stdout":"\n"},"type":"ws_msg"}
{"payload":{"additional_params":{"assetId":"b12b9f982e564f2594256fc767e9ecb6","context":null,"epoch":null,"extension":"yml","fileName":"conda-environment.yml","overwrite":false,"runId":null,"step":null,"type":"conda-environment-definition"},"clean":true,"file_path":"tmp9u93zfsg","local_timestamp":1685049126265,"metadata":{},"upload_type":"conda-environment-definition"},"type":"file_upload"}
{"payload":{"additional_params":{"assetId":"3b12eeb7aed740af869015213118fa3a","context":null,"epoch":null,"extension":"txt","fileName":"conda-spec.txt","overwrite":false,"runId":null,"step":null,"type":"conda-specification"},"clean":true,"file_path":"tmpgot030pz","local_timestamp":1685049126667,"metadata":{},"upload_type":"conda-specification"},"type":"file_upload"}
{"payload":{"additional_params":{"assetId":"1d33d86ac387454e8eadb8ba15aaffb6","context":null,"epoch":null,"extension":"yml","fileName":"conda-info.yml","overwrite":false,"runId":null,"step":null,"type":"conda-info"},"clean":true,"file_path":"tmply44fbo3","local_timestamp":1685049126913,"metadata":{},"upload_type":"conda-info"},"type":"file_upload"}
{"payload":{"local_timestamp":1685049126913,"stderr":true,"stdout":"COMET INFO: ----------------------------------\n"},"type":"ws_msg"}
{"payload":{"local_timestamp":1685049126913,"stderr":true,"stdout":"COMET INFO: Comet.ml OfflineExperiment Summary\n"},"type":"ws_msg"}
{"payload":{"local_timestamp":1685049126913,"stderr":true,"stdout":"COMET INFO: ----------------------------------\n"},"type":"ws_msg"}
{"payload":{"local_timestamp":1685049126913,"stderr":true,"stdout":"COMET INFO:   Data:\n"},"type":"ws_msg"}
{"payload":{"local_timestamp":1685049126913,"stderr":true,"stdout":"COMET INFO:     display_summary_level : 1\n"},"type":"ws_msg"}
{"payload":{"local_timestamp":1685049126913,"stderr":true,"stdout":"COMET INFO:     url                   : [OfflineExperiment will get URL after upload]\n"},"type":"ws_msg"}
{"payload":{"local_timestamp":1685049126913,"stderr":true,"stdout":"COMET INFO:   Others:\n"},"type":"ws_msg"}
{"payload":{"local_timestamp":1685049126913,"stderr":true,"stdout":"COMET INFO:     offline_experiment : True\n"},"type":"ws_msg"}
{"payload":{"local_timestamp":1685049126913,"stderr":true,"stdout":"COMET INFO:   Uploads:\n"},"type":"ws_msg"}
{"payload":{"local_timestamp":1685049126913,"stderr":true,"stdout":"COMET INFO:     asset                        : 1 (139 bytes)\n"},"type":"ws_msg"}
{"payload":{"local_timestamp":1685049126913,"stderr":true,"stdout":"COMET INFO:     conda-environment-definition : 1\n"},"type":"ws_msg"}
{"payload":{"local_timestamp":1685049126913,"stderr":true,"stdout":"COMET INFO:     conda-info                   : 1\n"},"type":"ws_msg"}
{"payload":{"local_timestamp":1685049126913,"stderr":true,"stdout":"COMET INFO:     conda-specification          : 1\n"},"type":"ws_msg"}
{"payload":{"local_timestamp":1685049126913,"stderr":true,"stdout":"COMET INFO:     environment details          : 1\n"},"type":"ws_msg"}
{"payload":{"local_timestamp":1685049126913,"stderr":true,"stdout":"COMET INFO:     installed packages           : 1\n"},"type":"ws_msg"}
{"payload":{"local_timestamp":1685049126913,"stderr":true,"stdout":"COMET INFO: ----------------------------------\n"},"type":"ws_msg"}
{"payload":{"local_timestamp":1685049126913,"stderr":true,"stdout":"COMET WARNING: Experiment Name is generated at upload time for Offline Experiments unless set explicitly with Experiment.set_name\n"},"type":"ws_msg"}
{"payload":{"local_timestamp":1685049126913,"stderr":true,"stdout":"COMET WARNING: Comet has disabled auto-logging functionality as it has been imported after the following ML modules: tensorboard, torch. Metrics and hyperparameters can still be logged using Experiment.log_metrics() and Experiment.log_parameters()\n"},"type":"ws_msg"}
{"payload":{"local_timestamp":1685049126913,"log_other":{"key":"sys.already_imported_modules","val":"[\"tensorboard\", \"torch\"]"}},"type":"ws_msg"}
